Bottle ID,Date and time,Pressure (mbar),Methane (%),CO2(%),Initial mass (g),Final mass (g),Time (d),xCH4
id,date.time,pres,c.CH4,c.CO2,m.init,m.final,time.d,xCH4
1,1/23/2018 16:10,0,0,0,,187.41675,0.000,
1,1/24/2018 7:13,368,10.1,10.04,187.4149,187.3814,0.627,0.501
1,1/25/2018 6:38,286,22.53,16.1,187.3823,187.3568,1.603,0.583
1,1/25/2018 16:06,134,24.85,18,187.3538,187.3447,1.997,0.580
1,1/26/2018 9:20,142,32.46,20.62,187.3406,187.3287,2.715,0.612
1,1/27/2018 7:00,168,36.74,22.22,187.3295,187.315,3.618,0.623
1,1/28/2018 9:18,145,41.3,23.23,187.3158,187.3038,4.714,0.640
1,1/29/2018 6:58,142,44.42,24.26,187.3025,187.2938,5.617,0.647
1,1/31/2018 7:46,192,47.5,24.75,187.2949,187.2792,7.650,0.657
1,2/2/2018 7:10,173,50.64,26.06,187.2751,187.2614,9.625,0.660
1,2/5/2018 7:40,204,53.88,27.07,187.2599,187.2441,12.646,0.666
1,2/8/2018 8:03,160,56.82,27.72,187.2451,187.2339,15.662,0.672
1,2/12/2018 7:40,218,56.05,27.14,187.2347,187.2171,19.646,0.674
1,2/16/2018 16:52,196,59.1,28.94,187.2113,187.1971,24.029,0.671
1,2/22/2018 6:45,194,60.52,29.68,187.1973,187.1816,29.608,0.671
1,3/5/2018 7:55,306,61.17,28.88,187.1812,187.1565,40.656,0.679
1,3/26/2018 15:20,398,62.45,28.66,187.1525,187.1214,61.965,0.685
1,4/17/2018 8:04,316,64.49,31.26,187.1159,187.0899,83.662,0.674
2,1/23/2018 16:10,0,0,0,,184.3076,0.000,
2,1/24/2018 7:13,368,9.68,10.07,184.3063,184.2736,0.627,0.490
2,1/25/2018 6:38,278,22.43,15.86,184.2743,184.2518,1.603,0.586
2,1/25/2018 16:06,143,25.98,18.12,184.2471,184.2347,1.997,0.589
2,1/26/2018 9:20,143,31.77,20.13,184.2328,184.2203,2.715,0.612
2,1/27/2018 7:00,164,38,22.17,184.2208,184.2074,3.618,0.632
2,1/28/2018 9:18,156,41.15,23.07,184.2078,184.1943,4.714,0.641
2,1/29/2018 6:58,138,44.72,24.39,184.1956,184.1844,5.617,0.647
2,1/31/2018 7:46,198,48.28,25.02,184.1864,184.1705,7.650,0.659
2,2/2/2018 7:10,171,51.97,26.63,184.167,184.1534,9.625,0.661
2,2/5/2018 7:40,186,52.86,26.71,184.1516,184.138,12.646,0.664
2,2/8/2018 8:03,162,55.94,27.25,184.1379,184.1251,15.662,0.672
2,2/12/2018 7:40,216,56.99,27.56,184.1275,184.11,19.646,0.674
2,2/16/2018 16:52,176,59.11,29.2,184.1055,184.0908,24.029,0.669
2,2/22/2018 6:45,178,59.29,29.36,184.0922,184.0787,29.608,0.669
2,3/5/2018 7:55,294,61.3,29.24,184.0786,184.055,40.656,0.677
2,3/26/2018 15:20,389,62.8,29.02,184.0516,184.0218,61.965,0.684
2,4/17/2018 8:04,320,63.65,30.92,184.0159,183.991,83.662,0.673
3,1/23/2018 16:10,0,0,0,,187.2117,0.000,
3,1/24/2018 7:13,368,9.6,10,187.2101,187.1776,0.627,0.490
3,1/25/2018 6:38,294,23.08,16.25,187.1778,187.1525,1.603,0.587
3,1/25/2018 16:06,144,26.1,18.24,187.1511,187.1383,1.997,0.589
3,1/26/2018 9:20,147,33.04,20.9,187.136,187.1247,2.715,0.613
3,1/27/2018 7:00,178,36.78,21.69,187.1255,187.1108,3.618,0.629
3,1/28/2018 9:18,156,41.76,23.29,187.1097,187.0996,4.714,0.642
3,1/29/2018 6:58,138,44.72,24.39,187.0993,187.0878,5.617,0.647
3,1/31/2018 7:46,198,46.98,24.29,187.0896,187.0736,7.650,0.659
3,2/2/2018 7:10,171,48.53,24.76,187.0705,187.0566,9.625,0.662
3,2/5/2018 7:40,204,53.2,26.55,187.056,187.0393,12.646,0.667
3,2/8/2018 8:03,164,54.59,26.63,187.0403,187.0278,15.662,0.672
3,2/12/2018 7:40,211,55.24,26.7,187.0304,187.013,19.646,0.674
3,2/16/2018 16:52,186,58.55,28.66,187.0076,186.9929,24.029,0.671
3,2/22/2018 6:45,187,59.21,29.15,186.994,186.9801,29.608,0.670
3,3/5/2018 7:55,292,61.35,29.17,186.9788,186.9553,40.656,0.678
3,3/26/2018 15:20,388,62.13,29.26,186.9534,186.924,61.965,0.680
3,4/17/2018 8:04,374,63.26,30.48,186.9191,186.8886,83.662,0.675
7,1/23/2018 16:10,0,0,0,,145.15495,0.000,
7,1/24/2018 7:13,478,15.01,11.23,145.1523,145.0925,0.627,0.572
7,1/25/2018 6:38,684,36.25,19.58,145.0938,145.0066,1.603,0.649
7,1/25/2018 16:06,284,41.54,22.04,145.0037,144.9687,1.997,0.653
7,1/26/2018 9:20,404,51.68,24.13,144.9688,144.917,2.715,0.682
7,1/27/2018 7:00,328,55.63,24.86,144.9189,144.8801,3.618,0.691
7,1/28/2018 9:18,188,59.15,27.36,144.8799,144.8601,4.714,0.684
7,1/29/2018 6:58,124,59.31,27.86,144.8599,144.8484,5.617,0.680
7,1/31/2018 7:46,178,58.84,28.17,144.8482,144.8298,7.650,0.676
7,2/2/2018 7:10,138,59.92,29,144.8264,144.8121,9.625,0.674
7,2/5/2018 7:40,152,60.39,29.67,144.8101,144.7939,12.646,0.671
7,2/8/2018 8:03,110,62.53,27.39,144.7935,144.782,15.662,0.695
7,2/12/2018 7:40,140,60.31,29.33,144.7843,144.7691,19.646,0.673
7,2/16/2018 16:52,116,61.04,30.06,144.7658,144.7536,24.029,0.670
7,2/22/2018 6:45,106,60.93,30.09,144.754,144.7434,29.608,0.669
7,3/5/2018 7:55,154,61.65,30.42,144.7421,144.7252,40.656,0.670
7,3/26/2018 15:20,166,61.29,30.2,144.722,144.7043,61.965,0.670
7,4/17/2018 8:04,138,63.54,31.72,144.6986,144.6842,83.662,0.667
8,1/23/2018 16:10,0,0,0,,146.391,0.000,
8,1/24/2018 7:13,490,15.32,11.36,146.3892,146.3243,0.627,0.574
8,1/25/2018 6:38,662,35.97,19.3,146.3251,146.2402,1.603,0.651
8,1/25/2018 16:06,282,43.21,22.69,146.238,146.2031,1.997,0.656
8,1/26/2018 9:20,400,51.26,23.64,146.2025,146.1522,2.715,0.684
8,1/27/2018 7:00,312,56.88,25.4,146.1525,146.1155,3.618,0.691
8,1/28/2018 9:18,182,58.38,26.92,146.1154,146.095,4.714,0.684
8,1/29/2018 6:58,120,58.61,27.66,146.0966,146.0838,5.617,0.679
8,1/31/2018 7:46,168,59.17,28.22,146.085,146.0667,7.650,0.677
8,2/2/2018 7:10,124,59.78,29.21,146.0642,146.0506,9.625,0.672
8,2/5/2018 7:40,136,59.85,29.45,146.0488,146.0338,12.646,0.670
8,2/8/2018 8:03,96,61.52,29.94,146.0342,146.0246,15.662,0.673
8,2/12/2018 7:40,136,61.08,29.91,146.0268,146.0111,19.646,0.671
8,2/16/2018 16:52,104,60.05,29.78,146.0084,145.997,24.029,0.668
8,2/22/2018 6:45,100,60.48,30.25,145.9976,145.9874,29.608,0.667
8,3/5/2018 7:55,150,61.72,30.76,145.9863,145.969,40.656,0.667
8,3/26/2018 15:20,172,61.9,30.73,145.9669,145.9478,61.965,0.668
8,4/17/2018 8:04,140,61.65,31.21,145.9423,145.927,83.662,0.664
9,1/23/2018 16:10,0,0,0,,150.2405,0.000,
9,1/24/2018 7:13,474,14.17,10.89,150.2383,150.1759,0.627,0.565
9,1/25/2018 6:38,666,35.52,19.3,150.1766,150.0911,1.603,0.648
9,1/25/2018 16:06,284,43.06,22.84,150.0894,150.0552,1.997,0.653
9,1/26/2018 9:20,414,53.1,24.64,150.0519,150.0022,2.715,0.683
9,1/27/2018 7:00,335,55.62,24.82,150.0038,149.964,3.618,0.691
9,1/28/2018 9:18,188,57.07,26.35,149.963,149.9439,4.714,0.684
9,1/29/2018 6:58,126,57.23,27.02,149.9441,149.9309,5.617,0.679
9,1/31/2018 7:46,176,59.06,28.21,149.932,149.9119,7.650,0.677
9,2/2/2018 7:10,124,57.74,28.25,149.9104,149.897,9.625,0.671
9,2/5/2018 7:40,134,61.27,30.34,149.895,149.88,12.646,0.669
9,2/8/2018 8:03,100,60.6,29.58,149.8812,149.8715,15.662,0.672
9,2/12/2018 7:40,130,58.41,29.4,149.8735,149.8592,19.646,0.665
9,2/16/2018 16:52,98,60.89,30.47,149.8542,149.846,24.029,0.666
9,2/22/2018 6:45,99,59.44,29.97,149.8463,149.8368,29.608,0.665
9,3/5/2018 7:55,148,60.97,30.58,149.8363,149.8199,40.656,0.666
9,3/26/2018 15:20,174,61.28,30.66,149.818,149.7991,61.965,0.667
9,4/17/2018 8:04,134,61.88,31.53,149.7937,149.7798,83.662,0.662
10,1/23/2018 16:10,0,0,0,,164.22,0.000,
10,1/24/2018 7:13,685,22.14,14.47,164.21779,164.1395,0.627,0.605
10,1/25/2018 6:38,1054,46.39,23.29,164.1413,164.0242,1.603,0.666
10,1/25/2018 16:06,447,51.28,26.49,164.0231,163.9741,1.997,0.659
10,1/26/2018 9:20,674,61.62,27.86,163.97,163.9003,2.715,0.689
10,1/27/2018 7:00,520,65.3,28.82,163.9017,163.849,3.618,0.694
10,1/28/2018 9:18,296,63.28,29.48,163.8484,163.8198,4.714,0.682
10,1/29/2018 6:58,196,63.74,30.98,163.8205,163.8016,5.617,0.673
10,1/31/2018 7:46,276,63.96,31.45,163.8023,163.7749,7.650,0.670
10,2/2/2018 7:10,204,63.65,32.29,163.7727,163.7522,9.625,0.663
10,2/5/2018 7:40,225,63.68,32.45,163.7499,163.7275,12.646,0.662
10,2/8/2018 8:03,176,63.51,31.83,163.7288,163.7118,15.662,0.666
10,2/12/2018 7:40,208,64.16,32.46,163.7136,163.6927,19.646,0.664
10,2/16/2018 16:52,170,64.52,33.27,163.69,163.6736,24.029,0.660
10,2/22/2018 6:45,170,63.84,33.25,163.6735,163.6586,29.608,0.658
10,3/5/2018 7:55,241,64.33,32.74,163.657,163.6331,40.656,0.663
10,3/26/2018 15:20,280,64.51,32.64,163.6307,163.6039,61.965,0.664
10,4/17/2018 8:04,208,64.68,33.73,163.5974,163.5776,83.662,0.657
11,1/23/2018 16:10,0,0,0,,163.7651,0.000,
11,1/24/2018 7:13,686,22.08,14.19,163.7632,163.686,0.627,0.609
11,1/25/2018 6:38,1065,46.4,23.2,163.6871,163.571,1.603,0.667
11,1/25/2018 16:06,446,51.52,26.45,163.5692,163.5217,1.997,0.661
11,1/26/2018 9:20,682,58.85,26.45,163.5178,163.4481,2.715,0.690
11,1/27/2018 7:00,540,64.63,28.38,163.4505,163.3947,3.618,0.695
11,1/28/2018 9:18,298,64.48,29.64,163.3944,163.3658,4.714,0.685
11,1/29/2018 6:58,198,62.63,63.44,163.3659,163.3482,5.617,0.497
11,1/31/2018 7:46,282,63.77,31.35,163.3482,163.3208,7.650,0.670
11,2/2/2018 7:10,210,64.16,32.55,163.3187,163.2978,9.625,0.663
11,2/5/2018 7:40,224,64.86,33.32,163.2953,163.274,12.646,0.661
11,2/8/2018 8:03,182,65.28,33.26,163.2749,163.257,15.662,0.662
11,2/12/2018 7:40,198,62.95,32.25,163.2588,163.2388,19.646,0.661
11,2/16/2018 16:52,166,62.08,32.42,163.2356,163.22,24.029,0.657
11,2/22/2018 6:45,158,64.21,33.89,163.2193,163.2058,29.608,0.655
11,3/5/2018 7:55,244,62.78,32.21,163.2054,163.1803,40.656,0.661
11,3/26/2018 15:20,294,64.15,31.84,163.179,163.1499,61.965,0.668
11,4/17/2018 8:04,227,63.77,33.32,163.1443,163.1225,83.662,0.657
12,1/23/2018 16:10,0,0,0,,163.9782,0.000,
12,1/24/2018 7:13,690,21.06,13.52,163.976,163.897,0.627,0.609
12,1/25/2018 6:38,1052,44.38,22.13,163.8985,163.7826,1.603,0.667
12,1/25/2018 16:06,446,51.31,26.42,163.7806,163.7322,1.997,0.660
12,1/26/2018 9:20,662,61.3,27.53,163.7287,163.662,2.715,0.690
12,1/27/2018 7:00,520,64.26,28.24,163.6619,163.6099,3.618,0.695
12,1/28/2018 9:18,296,62.14,28.92,163.609,163.5801,4.714,0.682
12,1/29/2018 6:58,195,61.64,30.12,163.5809,163.5636,5.617,0.672
12,1/31/2018 7:46,268,62.6,30.83,163.563,163.5387,7.650,0.670
12,2/2/2018 7:10,204,62.75,31.98,163.5358,163.5148,9.625,0.662
12,2/5/2018 7:40,218,64.6,32.63,163.5123,163.4907,12.646,0.664
12,2/8/2018 8:03,182,63.43,32.51,163.4913,163.474,15.662,0.661
12,2/12/2018 7:40,188,61.44,32.79,163.4764,163.458,19.646,0.652
12,2/16/2018 16:52,161,62.27,32.75,163.4544,163.4386,24.029,0.655
12,2/22/2018 6:45,154,62.48,33.12,163.4389,163.424,29.608,0.654
12,3/5/2018 7:55,233,63.38,32.72,163.4239,163.3998,40.656,0.660
12,3/26/2018 15:20,282,64.05,32.5,163.3981,163.3704,61.965,0.663
12,4/17/2018 8:04,228,64.01,33.22,163.3645,163.343,83.662,0.658
13,1/23/2018 16:10,0,0,0,,182.988,0.000,
13,1/24/2018 7:13,990,29.57,16.02,182.9855,182.8939,0.627,0.649
13,1/25/2018 6:38,1596,54.86,24.95,182.895,182.755,1.603,0.687
13,1/25/2018 16:06,688,58.6,30.29,182.7528,182.6917,1.997,0.659
13,1/26/2018 9:20,1038,66.66,29.28,182.6887,182.601,2.715,0.695
13,1/27/2018 7:00,849,66.69,28.69,182.6024,182.5323,3.618,0.699
13,1/28/2018 9:18,465,65.6,31.24,182.5323,182.494,4.714,0.677
13,1/29/2018 6:58,300,65,33.05,182.4945,182.4701,5.617,0.663
13,1/31/2018 7:46,420,65.99,33.56,182.4704,182.4416,7.650,0.663
13,2/2/2018 7:10,328,63.58,33.63,182.4384,182.4105,9.625,0.654
13,2/5/2018 7:40,354,65.9,34.98,182.408,182.3784,12.646,0.653
13,2/8/2018 8:03,284,64.4,34.34,182.38,182.3567,15.662,0.652
13,2/12/2018 7:40,297,63.96,34.16,182.3578,182.3328,19.646,0.652
13,2/16/2018 16:52,260,63.36,34.67,182.3293,182.3101,24.029,0.646
13,2/22/2018 6:45,258,63.46,34.73,182.3089,182.2883,29.608,0.646
13,3/5/2018 7:55,362,64.64,33.66,182.2867,182.2573,40.656,0.658
13,3/26/2018 15:20,438,62.53,31.53,182.2543,182.2176,61.965,0.665
13,4/17/2018 8:04,345,64.91,34.45,182.2118,182.183,83.662,0.653
14,1/23/2018 16:10,0,0,0,,182.96125,0.000,
14,1/24/2018 7:13,1003,29.97,16.19,182.958,182.8655,0.627,0.649
14,1/25/2018 6:38,1598,54.45,24.87,182.8662,182.7226,1.603,0.686
14,1/25/2018 16:06,658,58.74,30.45,182.7216,182.6613,1.997,0.659
14,1/26/2018 9:20,1018,65.61,28.93,182.659,182.5712,2.715,0.694
14,1/27/2018 7:00,829,67.79,29.32,182.5735,182.5044,3.618,0.698
14,1/28/2018 9:18,466,67.49,32.11,182.5027,182.465,4.714,0.678
14,1/29/2018 6:58,300,60.88,30.97,182.4655,182.4407,5.617,0.663
14,1/31/2018 7:46,438,65.68,33.26,182.4414,182.4052,7.650,0.664
14,2/2/2018 7:10,328,62.45,32.91,182.4015,182.3741,9.625,0.655
14,2/5/2018 7:40,354,64.48,34.16,182.3725,182.3421,12.646,0.654
14,2/8/2018 8:03,275,65.3,34.74,182.3433,182.3205,15.662,0.653
14,2/12/2018 7:40,300,62.46,33.37,182.322,182.2968,19.646,0.652
14,2/16/2018 16:52,270,63.57,34.77,182.294,182.2728,24.029,0.646
14,2/22/2018 6:45,264,63.71,34.97,182.2722,182.2515,29.608,0.646
14,3/5/2018 7:55,375,64.95,33.92,182.2499,182.2192,40.656,0.657
14,3/26/2018 15:20,460,62.89,31.53,182.2175,182.1781,61.965,0.666
14,4/17/2018 8:04,366,63.67,34.11,182.172,182.1424,83.662,0.651
15,1/23/2018 16:10,0,0,0,,182.075,0.000,
15,1/24/2018 7:13,1036,28.69,28.69,182.0725,181.9811,0.627,0.500
15,1/25/2018 6:38,1644,54.22,24.42,181.9827,181.843,1.603,0.689
15,1/25/2018 16:06,688,58.93,30.95,181.8417,181.7808,1.997,0.656
15,1/26/2018 9:20,1048,64.94,28.61,181.7782,181.6931,2.715,0.694
15,1/27/2018 7:00,880,68.75,29.54,181.6951,181.6271,3.618,0.699
15,1/28/2018 9:18,506,68.14,32.22,181.6268,181.5879,4.714,0.679
15,1/29/2018 6:58,310,62.46,30.11,181.588,181.5644,5.617,0.675
15,1/31/2018 7:46,435,64.55,33.12,181.565,181.5303,7.650,0.661
15,2/2/2018 7:10,335,63.64,34.02,181.5278,181.501,9.625,0.652
15,2/5/2018 7:40,354,62.88,32.63,181.4985,181.4691,12.646,0.658
15,2/8/2018 8:03,276,63.69,34.18,181.4709,181.4493,15.662,0.651
15,2/12/2018 7:40,313,61.11,34.19,181.4512,181.4258,19.646,0.641
15,2/16/2018 16:52,274,61.59,34.03,181.4231,181.4022,24.029,0.644
15,2/22/2018 6:45,263,61.48,34.13,181.4017,181.3828,29.608,0.643
15,3/5/2018 7:55,399,64.79,33.77,181.3821,181.3503,40.656,0.657
15,3/26/2018 15:20,468,64.62,32.63,181.3486,181.3114,61.965,0.664
15,4/17/2018 8:04,382,64.47,34.45,181.3055,181.2756,83.662,0.652
16,1/23/2018 16:10,0,0,0,,200.2987,0.000,
16,1/24/2018 7:13,1354,35.8,17.33,200.2968,200.1978,0.627,0.674
16,1/25/2018 6:38,2180,60.32,25.79,200.199,200.0408,1.603,0.700
16,1/25/2018 16:06,950,61.86,33.47,200.04,199.9669,1.997,0.649
16,1/26/2018 9:20,1520,69.86,29.77,199.9633,199.8585,2.715,0.701
16,1/27/2018 7:00,1392,69.91,28.91,199.8596,199.7677,3.618,0.707
16,1/28/2018 9:18,812,67.42,32.14,199.7676,199.7141,4.714,0.677
16,1/29/2018 6:58,488,62.95,33.53,199.7155,199.682,5.617,0.652
16,1/31/2018 7:46,677,62.46,32.39,199.6809,199.6349,7.650,0.659
16,2/2/2018 7:10,518,64.41,35.19,199.6355,199.5994,9.625,0.647
16,2/5/2018 7:40,548,64.85,35.37,199.5955,199.559,12.646,0.647
16,2/8/2018 8:03,430,64.32,35.42,199.56,199.5302,15.662,0.645
16,2/12/2018 7:40,458,64.17,35.45,199.5319,199.5002,19.646,0.644
16,2/16/2018 16:52,410,62.42,35.49,199.499,199.471,24.029,0.638
16,2/22/2018 6:45,392,63.42,35.97,199.47,199.4441,29.608,0.638
16,3/5/2018 7:55,538,65.09,34.2,199.4425,199.4066,40.656,0.656
16,3/26/2018 15:20,670,65.53,32.51,199.401,199.3602,61.965,0.668
16,4/17/2018 8:04,530,64.83,34.99,199.3545,199.3189,83.662,0.649
17,1/23/2018 16:10,0,0,0,,200.40605,0.000,
17,1/24/2018 7:13,1322,36.37,17.55,200.4044,200.3055,0.627,0.675
17,1/25/2018 6:38,2200,60.88,25.79,200.3068,200.1463,1.603,0.702
17,1/25/2018 16:06,950,61.29,31.42,200.1439,200.0724,1.997,0.661
17,1/26/2018 9:20,1514,69.52,29.76,200.069,199.9623,2.715,0.700
17,1/27/2018 7:00,1309,68.93,28.92,199.962,199.8726,3.618,0.704
17,1/28/2018 9:18,733,67.37,32.67,199.874,199.8229,4.714,0.673
17,1/29/2018 6:58,438,62.89,33.8,199.823,199.7935,5.617,0.650
17,1/31/2018 7:46,626,62.24,33.12,199.7931,199.7502,7.650,0.653
17,2/2/2018 7:10,490,62.94,34.82,199.751,199.716,9.625,0.644
17,2/5/2018 7:40,522,65.73,36.01,199.7127,199.6775,12.646,0.646
17,2/8/2018 8:03,410,65.25,36.22,199.6778,199.6478,15.662,0.643
17,2/12/2018 7:40,434,62.19,34.63,199.6489,199.6187,19.646,0.642
17,2/16/2018 16:52,384,62.28,35.75,199.6169,199.5902,24.029,0.635
17,2/22/2018 6:45,384,63.47,36.31,199.5885,199.5628,29.608,0.636
17,3/5/2018 7:55,529,64.83,34.27,199.5613,199.5249,40.656,0.654
17,3/26/2018 15:20,650,65.13,32.59,199.5215,199.4772,61.965,0.666
17,4/17/2018 8:04,516,62.84,34.04,199.4713,199.4356,83.662,0.649
18,1/23/2018 16:10,0,0,0,,203.7788,0.000,
18,1/24/2018 7:13,1379,35.64,16.92,203.7767,203.6749,0.627,0.678
18,1/25/2018 6:38,2282,60.09,24.52,203.6769,203.5116,1.603,0.710
18,1/25/2018 16:06,955,61.94,33.44,203.5107,203.4404,1.997,0.649
18,1/26/2018 9:20,1532,68.85,29.64,203.4364,203.3271,2.715,0.699
18,1/27/2018 7:00,1236,70.12,30.39,203.329,203.2432,3.618,0.698
18,1/28/2018 9:18,699,64.35,32.02,203.2447,203.1956,4.714,0.668
18,1/29/2018 6:58,435,63.17,34.42,203.1967,203.1667,5.617,0.647
18,1/31/2018 7:46,636,64.41,33.87,203.1665,203.1237,7.650,0.655
18,2/2/2018 7:10,506,64.25,35.4,203.1238,203.0886,9.625,0.645
18,2/5/2018 7:40,543,64.51,35.25,203.0859,203.05,12.646,0.647
18,2/8/2018 8:03,434,63.67,35.32,203.049,203.0194,15.662,0.643
18,2/12/2018 7:40,459,61.65,34.85,203.0216,202.9898,19.646,0.639
18,2/16/2018 16:52,405,63.1,35.88,202.9887,202.9614,24.029,0.638
18,2/22/2018 6:45,407,62.26,35.19,202.9606,202.9331,29.608,0.639
18,3/5/2018 7:55,566,64.12,33.35,202.9326,202.8947,40.656,0.658
18,3/26/2018 15:20,682,64.07,31.93,202.8927,202.8458,61.965,0.667
18,4/17/2018 8:04,540,63.5,34.02,202.8399,202.803,83.662,0.651
19,1/23/2018 16:10,0,0,0,,228.43245,0.000,
19,1/24/2018 7:13,2234,39,16.56,228.4304,228.32,0.627,0.702
19,1/25/2018 6:38,3545,70.34,23.37,228.3218,228.151,1.603,0.751
19,1/25/2018 16:06,1608,61.71,36.84,228.1496,228.064,1.997,0.626
19,1/26/2018 9:20,2595,67.88,27.73,228.059,227.9315,2.715,0.710
19,1/27/2018 7:00,2489,70.15,27.4,227.9323,227.8157,3.618,0.719
19,1/28/2018 9:18,1372,66.75,33.2,227.8158,227.7537,4.714,0.668
19,1/29/2018 6:58,832,61.51,36.22,227.7545,227.7158,5.617,0.629
19,1/31/2018 7:46,1168,63.73,33.3,227.7161,227.6621,7.650,0.657
19,2/2/2018 7:10,948,64.26,36.12,227.6617,227.6181,9.625,0.640
19,2/5/2018 7:40,978,63.28,35.09,227.6146,227.5708,12.646,0.643
19,2/8/2018 8:03,844,64.31,36.21,227.5703,227.5314,15.662,0.640
19,2/12/2018 7:40,848,63.66,36,227.5328,227.4941,19.646,0.639
19,2/16/2018 16:52,762,62.08,36.47,227.4928,227.4581,24.029,0.630
19,2/22/2018 6:45,750,60.75,35.3,227.4572,227.4176,29.608,0.632
19,3/5/2018 7:55,926,65.6,34.15,227.4162,227.374,40.656,0.658
19,3/26/2018 15:20,1222,66.99,30.12,227.3709,227.316,61.965,0.690
19,4/17/2018 8:04,979,65.2,34.46,227.31,227.2665,83.662,0.654
20,1/23/2018 16:10,0,0,0,,226.27705,0.000,
20,1/24/2018 7:13,2362,35.08,16.15,226.2745,226.1634,0.627,0.685
20,1/25/2018 6:38,3655,72.04,23.02,226.1651,225.9957,1.603,0.758
20,1/25/2018 16:06,1674,61.41,34.95,225.994,225.9076,1.997,0.637
20,1/26/2018 9:20,2675,70.44,28.95,225.9028,225.7723,2.715,0.709
20,1/27/2018 7:00,2518,71.84,28.99,225.7741,225.6573,3.618,0.712
20,1/28/2018 9:18,1404,65.07,33.06,225.6578,225.593,4.714,0.663
20,1/29/2018 6:58,858,61.34,36.63,225.594,225.5554,5.617,0.626
20,1/31/2018 7:46,1213,63.79,33.04,225.5557,225.499,7.650,0.659
20,2/2/2018 7:10,934,63.54,36.42,225.499,225.4573,9.625,0.636
20,2/5/2018 7:40,1036,63.3,34.44,225.4543,225.4087,12.646,0.648
20,2/8/2018 8:03,860,62.35,35.28,225.4079,225.369,15.662,0.639
20,2/12/2018 7:40,866,61.18,35.4,225.3721,225.3328,19.646,0.633
20,2/16/2018 16:52,790,61.81,36.15,225.3308,225.2948,24.029,0.631
20,2/22/2018 6:45,786,62.83,35.96,225.2936,225.2522,29.608,0.636
20,3/5/2018 7:55,986,65.9,33.37,225.2503,225.207,40.656,0.664
20,3/26/2018 15:20,1252,67.46,30.05,225.203,225.1477,61.965,0.692
20,4/17/2018 8:04,1013,66.22,34.43,225.1389,225.0935,83.662,0.658
21,1/23/2018 16:10,0,0,0,,224.4547,0.000,
21,1/24/2018 7:13,2408,31.81,15.65,224.4506,224.3344,0.627,0.670
21,1/25/2018 6:38,3785,73.77,22.83,224.3348,224.1562,1.603,0.764
21,1/25/2018 16:06,1580,62.83,34.23,224.1552,224.0724,1.997,0.647
21,1/26/2018 9:20,2620,71.01,29.56,224.0683,223.9381,2.715,0.706
21,1/27/2018 7:00,2360,68.95,29.22,223.9392,223.8289,3.618,0.702
21,1/28/2018 9:18,1320,65.47,34.16,223.8294,223.7681,4.714,0.657
21,1/29/2018 6:58,822,59.98,36,223.7681,223.7299,5.617,0.625
21,1/31/2018 7:46,1166,63.06,33.13,223.73,223.6712,7.650,0.656
21,2/2/2018 7:10,850,62.91,37.5,223.6712,223.6324,9.625,0.627
21,2/5/2018 7:40,978,63.48,35.46,223.6299,223.5846,12.646,0.642
21,2/8/2018 8:03,796,63.75,36.8,223.584,223.5473,15.662,0.634
21,2/12/2018 7:40,831,61,34.57,223.5489,223.5119,19.646,0.638
21,2/16/2018 16:52,780,61.26,35.58,223.5103,223.475,24.029,0.633
21,2/22/2018 6:45,768,63.8,36.42,223.4748,223.4368,29.608,0.637
21,3/5/2018 7:55,940,65.71,33.68,223.4352,223.3926,40.656,0.661
21,3/26/2018 15:20,1230,66.12,29.78,223.3909,223.3386,61.965,0.689
21,4/17/2018 8:04,1004,65.14,34.09,223.3329,223.2878,83.662,0.656
22,1/23/2018 16:10,0,0,0,,182.58425,0.000,
22,1/24/2018 7:13,1024,30.02,15.86,182.5812,182.487,0.627,0.654
22,1/25/2018 6:38,1598,53.92,24.33,182.4881,182.3445,1.603,0.689
22,1/25/2018 16:06,654,59.08,30.13,182.343,182.2839,1.997,0.662
22,1/26/2018 9:20,1004,67.04,29.34,182.2824,182.194,2.715,0.696
22,1/27/2018 7:00,810,67.27,29.02,182.1952,182.1284,3.618,0.699
22,1/28/2018 9:18,456,67.3,31.99,182.1271,182.0895,4.714,0.678
22,1/29/2018 6:58,286,63.12,32.08,182.0899,182.0674,5.617,0.663
22,1/31/2018 7:46,436,63.73,32.15,182.0661,182.0301,7.650,0.665
22,2/2/2018 7:10,326,62.32,32.9,182.0305,182.0048,9.625,0.654
22,2/5/2018 7:40,366,64.57,34.06,182.0021,181.9729,12.646,0.655
22,2/8/2018 8:03,296,64.62,34.05,181.9727,181.9486,15.662,0.655
22,2/12/2018 7:40,302,63.93,34.08,181.9503,181.9254,19.646,0.652
22,2/16/2018 16:52,271,63.81,34.81,181.9252,181.9046,24.029,0.647
22,2/22/2018 6:45,268,61.31,33.7,181.9024,181.882,29.608,0.645
22,3/5/2018 7:55,360,64.47,33.99,181.8809,181.8516,40.656,0.655
22,3/26/2018 15:20,444,63.71,32.45,181.8492,181.8105,61.965,0.663
22,4/17/2018 8:04,348,65.01,35.13,181.806,181.7776,83.662,0.649
23,1/23/2018 16:10,0,0,0,,181.8056,0.000,
23,1/24/2018 7:13,1012,29.56,15.56,181.8034,181.7088,0.627,0.655
23,1/25/2018 6:38,1570,53.36,24.09,181.7098,181.5672,1.603,0.689
23,1/25/2018 16:06,652,58.32,29.51,181.5661,181.5027,1.997,0.664
23,1/26/2018 9:20,984,66.79,29.29,181.5029,181.415,2.715,0.695
23,1/27/2018 7:00,785,67.49,29.2,181.4161,181.3482,3.618,0.698
23,1/28/2018 9:18,430,65.56,31.25,181.3492,181.3138,4.714,0.677
23,1/29/2018 6:58,279,63.02,32.07,181.3141,181.2924,5.617,0.663
23,1/31/2018 7:46,416,65.01,32.85,181.2912,181.2565,7.650,0.664
23,2/2/2018 7:10,312,65.27,34.59,181.2561,181.2316,9.625,0.654
23,2/5/2018 7:40,354,64.66,34.32,181.2294,181.2,12.646,0.653
23,2/8/2018 8:03,290,65.06,34.69,181.1998,181.1777,15.662,0.652
23,2/12/2018 7:40,300,62.64,33.54,181.1789,181.155,19.646,0.651
23,2/16/2018 16:52,274,62.39,34,181.1544,181.134,24.029,0.647
23,2/22/2018 6:45,258,63.89,35.21,181.1312,181.1113,29.608,0.645
23,3/5/2018 7:55,356,64.39,33.99,181.1104,181.081,40.656,0.655
23,3/26/2018 15:20,446,62.59,31.98,181.0795,181.0416,61.965,0.662
23,4/17/2018 8:04,322,64.06,34.72,181.0368,181.0089,83.662,0.649
24,1/23/2018 16:10,0,0,0,,182.41225,0.000,
24,1/24/2018 7:13,1058,31.27,16.49,182.4095,182.3184,0.627,0.655
24,1/25/2018 6:38,1658,55.56,24.91,182.3185,182.1796,1.603,0.690
24,1/25/2018 16:06,702,57.11,29.59,182.179,182.119,1.997,0.659
24,1/26/2018 9:20,1080,66.96,29.14,182.1147,182.026,2.715,0.697
24,1/27/2018 7:00,902,67.81,28.84,182.0275,181.9558,3.618,0.702
24,1/28/2018 9:18,498,65.55,30.86,181.9568,181.9188,4.714,0.680
24,1/29/2018 6:58,320,64.57,32.66,181.9185,181.8956,5.617,0.664
24,1/31/2018 7:46,465,63.66,32.01,181.8942,181.8582,7.650,0.665
24,2/2/2018 7:10,357,65.9,34.82,181.8574,181.8307,9.625,0.654
24,2/5/2018 7:40,388,63.66,33.7,181.8275,181.7997,12.646,0.654
24,2/8/2018 8:03,320,62.2,32.97,181.7987,181.7747,15.662,0.654
24,2/12/2018 7:40,336,63.03,33.58,181.777,181.757,19.646,0.652
24,2/16/2018 16:52,303,62.16,33.86,181.7549,181.7297,24.029,0.647
24,2/22/2018 6:45,286,63.2,34.68,181.7279,181.7084,29.608,0.646
24,3/5/2018 7:55,407,64.35,33.45,181.707,181.6764,40.656,0.658
24,3/26/2018 15:20,492,64.83,32.43,181.6736,181.635,61.965,0.667
24,4/17/2018 8:04,366,63.85,34.25,181.6302,181.6015,83.662,0.651
25,1/23/2018 16:10,0,0,0,,224.9523,0.000,
25,1/24/2018 7:13,2355,49.05,16.65,224.9487,224.8395,0.627,0.747
25,1/25/2018 6:38,3485,70.68,24.16,224.8393,224.6737,1.603,0.745
25,1/25/2018 16:06,1651,63.54,34.63,224.6718,224.5824,1.997,0.647
25,1/26/2018 9:20,2660,70.69,29.39,224.5817,224.4494,2.715,0.706
25,1/27/2018 7:00,2586,72.62,27.9,224.4514,224.3302,3.618,0.722
25,1/28/2018 9:18,1390,66.01,33.71,224.3298,224.2612,4.714,0.662
25,1/29/2018 6:58,788,60.34,37.36,224.2617,224.2222,5.617,0.618
25,1/31/2018 7:46,1182,62.4,32.48,224.2214,224.1657,7.650,0.658
25,2/2/2018 7:10,930,64.06,36.21,224.1651,224.123,9.625,0.639
25,2/5/2018 7:40,1036,65.44,35.01,224.1204,224.0732,12.646,0.651
25,2/8/2018 8:03,820,62.43,35.5,224.0708,224.0352,15.662,0.637
25,2/12/2018 7:40,887,63.12,34.56,224.0354,223.994,19.646,0.646
25,2/16/2018 16:52,784,60.86,35.18,223.9928,223.9583,24.029,0.634
25,2/22/2018 6:45,777,61.93,35.15,223.9579,223.9224,29.608,0.638
25,3/5/2018 7:55,1008,65.69,32.77,223.92,223.874,40.656,0.667
25,3/26/2018 15:20,1238,66.85,29.86,223.87,223.8161,61.965,0.691
25,4/17/2018 8:04,964,64.93,34.26,223.8091,223.7622,83.662,0.655
26,1/23/2018 16:10,0,0,0,,224.6858,0.000,
26,1/24/2018 7:13,2361,44.94,16.43,224.683,224.5712,0.627,0.732
26,1/25/2018 6:38,3655,69.91,23.05,224.5724,224.3983,1.603,0.752
26,1/25/2018 16:06,1614,63.24,35.97,224.398,224.3141,1.997,0.637
26,1/26/2018 9:20,2625,65.38,28.95,224.3096,224.1837,2.715,0.693
26,1/27/2018 7:00,2488,72.12,28.01,224.1846,224.0689,3.618,0.720
26,1/28/2018 9:18,1360,65.68,32.75,224.0688,224.0039,4.714,0.667
26,1/29/2018 6:58,770,60.66,37,224.0032,223.9659,5.617,0.621
26,1/31/2018 7:46,1153,64.62,33.76,223.9661,223.9113,7.650,0.657
26,2/2/2018 7:10,877,61.51,35.5,223.911,223.8692,9.625,0.634
26,2/5/2018 7:40,968,64.78,35.51,223.8663,223.8215,12.646,0.646
26,2/8/2018 8:03,800,63.51,36.48,223.8203,223.7848,15.662,0.635
26,2/12/2018 7:40,838,61.96,34.86,223.7858,223.7474,19.646,0.640
26,2/16/2018 16:52,768,60.98,35.44,223.7458,223.7098,24.029,0.632
26,2/22/2018 6:45,744,60.2,34.76,223.709,223.675,29.608,0.634
26,3/5/2018 7:55,1018,66.05,32.58,223.673,223.6287,40.656,0.670
26,3/26/2018 15:20,1240,67.11,29.27,223.6256,223.5712,61.965,0.696
26,4/17/2018 8:04,978,64.56,33.94,223.5657,223.5182,83.662,0.655
27,1/23/2018 16:10,0,0,0,,225.6227,0.000,
27,1/24/2018 7:13,2292,42.85,16.54,225.6205,225.5058,0.627,0.722
27,1/25/2018 6:38,3465,70.62,24.05,225.5059,225.3365,1.603,0.746
27,1/25/2018 16:06,1544,61.42,35.19,225.3369,225.253,1.997,0.636
27,1/26/2018 9:20,2460,71.03,29.33,225.2476,225.1248,2.715,0.708
27,1/27/2018 7:00,2454,72.56,27.64,225.1236,225.0043,3.618,0.724
27,1/28/2018 9:18,1420,66.39,31.85,225.005,224.9355,4.714,0.676
27,1/29/2018 6:58,754,60.06,35.97,224.9342,224.8969,5.617,0.625
27,1/31/2018 7:46,1142,63.42,32.78,224.8964,224.8378,7.650,0.659
27,2/2/2018 7:10,852,63.55,36.6,224.838,224.7954,9.625,0.635
27,2/5/2018 7:40,927,64.57,35.85,224.7933,224.7465,12.646,0.643
27,2/8/2018 8:03,736,61.36,35.71,224.7461,224.7114,15.662,0.632
27,2/12/2018 7:40,792,62.76,35.65,224.7119,224.6756,19.646,0.638
27,2/16/2018 16:52,736,61.96,36.07,224.6748,224.638,24.029,0.632
27,2/22/2018 6:45,722,61.87,35.75,224.6359,224.6037,29.608,0.634
27,3/5/2018 7:55,976,65.26,32.18,224.6021,224.5541,40.656,0.670
27,3/26/2018 15:20,1194,64.97,29.32,224.5521,224.4913,61.965,0.689
27,4/17/2018 8:04,948,63.11,33.36,224.4852,224.4385,83.662,0.654
